<linker>
	<assembly fullname="UnityEngine">
		<type fullname="UnityEngine.Object" preserve="nothing"/>
		<type fullname="UnityEngine.Texture" preserve="nothing"/>
		<type fullname="UnityEngine.Behaviour" preserve="nothing"/>
		<type fullname="UnityEngine.Component" preserve="nothing"/>
		<type fullname="UnityEngine.MonoBehaviour" preserve="nothing"/>
		<type fullname="UnityEditor.MonoScript" preserve="nothing"/>
		<type fullname="UnityEngine.Material" preserve="nothing"/>
		<type fullname="UnityEngine.Texture2D" preserve="nothing"/>
		<type fullname="UnityEditor.VFXManager" preserve="nothing"/>
		<type fullname="UnityEngine.Shader" preserve="nothing"/>
		<type fullname="UnityEditor.AudioManager" preserve="nothing"/>
		<type fullname="UnityEditor.PlayerSettings" preserve="nothing"/>
		<type fullname="UnityEngine.TextAsset" preserve="nothing"/>
		<type fullname="UnityEditor.PhysicsManager" preserve="nothing"/>
		<type fullname="UnityEditor.TimeManager" preserve="nothing"/>
		<type fullname="UnityEditor.InputManager" preserve="nothing"/>
		<type fullname="UnityEditor.TagManager" preserve="nothing"/>
		<type fullname="UnityEditor.MonoManager" preserve="nothing"/>
		<type fullname="UnityEngine.Rendering.GraphicsSettings" preserve="nothing"/>
		<type fullname="UnityEngine.QualitySettings" preserve="nothing"/>
		<type fullname="UnityEditor.Physics2DSettings" preserve="nothing"/>
		<type fullname="UnityEngine.Transform" preserve="nothing"/>
		<type fullname="UnityEngine.AnimationClip" preserve="nothing"/>
		<type fullname="UnityEngine.Camera" preserve="nothing"/>
		<type fullname="UnityEngine.AudioSource" preserve="nothing"/>
		<type fullname="UnityEngine.AudioBehaviour" preserve="nothing"/>
		<type fullname="UnityEngine.AudioListener" preserve="nothing"/>
		<type fullname="UnityEngine.Canvas" preserve="nothing"/>
		<type fullname="UnityEngine.RectTransform" preserve="nothing"/>
		<type fullname="UnityEngine.Motion" preserve="nothing"/>
		<type fullname="UnityEngine.RuntimeAnimatorController" preserve="nothing"/>
		<type fullname="UnityEngine.Animator" preserve="nothing"/>
		<type fullname="UnityEditor.Animations.AnimatorController" preserve="nothing"/>
		<type fullname="UnityEngine.GameObject" preserve="nothing"/>
		<type fullname="UnityEngine.LightmapSettings" preserve="nothing"/>
		<type fullname="UnityEngine.Font" preserve="nothing"/>
		<type fullname="UnityEngine.Sprite" preserve="nothing"/>
		<type fullname="UnityEngine.CanvasRenderer" preserve="nothing"/>
		<type fullname="UnityEngine.CanvasGroup" preserve="nothing"/>
		<type fullname="UnityEngine.AudioClip" preserve="nothing"/>
		<type fullname="UnityEngine.RenderSettings" preserve="nothing"/>
		<type fullname="UnityEngine.Renderer" preserve="nothing"/>
		<type fullname="UnityEngine.LineRenderer" preserve="nothing"/>
		<type fullname="UnityEngine.Light" preserve="nothing"/>
		<type fullname="UnityEngine.MeshFilter" preserve="nothing"/>
		<type fullname="UnityEngine.MeshRenderer" preserve="nothing"/>
		<type fullname="UnityEngine.Rigidbody" preserve="nothing"/>
		<type fullname="UnityEngine.Collider" preserve="nothing"/>
		<type fullname="UnityEngine.MeshCollider" preserve="nothing"/>
		<type fullname="UnityEngine.CapsuleCollider" preserve="nothing"/>
		<type fullname="UnityEngine.BoxCollider" preserve="nothing"/>
		<type fullname="UnityEngine.SphereCollider" preserve="nothing"/>
		<type fullname="UnityEngine.Mesh" preserve="nothing"/>
		<type fullname="UnityEngine.Cubemap" preserve="nothing"/>
		<type fullname="UnityEngine.LightProbes" preserve="nothing"/>
		<type fullname="UnityEngine.ReflectionProbe" preserve="nothing"/>
	</assembly>
	<assembly fullname="Assembly-CSharp">
		<type fullname="Boat" preserve="nothing"/>
		<type fullname="DialogueManager" preserve="nothing"/>
		<type fullname="FishCatching" preserve="nothing"/>
		<type fullname="GameManager" preserve="nothing"/>
		<type fullname="MainMenu" preserve="nothing"/>
		<type fullname="MouseLook" preserve="nothing"/>
		<type fullname="Player" preserve="nothing"/>
		<type fullname="SceneLoader" preserve="nothing"/>
		<type fullname="SoundManager" preserve="nothing"/>
		<type fullname="UIManager" preserve="nothing"/>
	</assembly>
	<assembly fullname="Unity.RenderPipelines.Core.Runtime">
		<type fullname="UnityEngine.Rendering.UI.DebugUIHandlerBitField" preserve="nothing"/>
		<type fullname="UnityEngine.Rendering.UI.DebugUIHandlerButton" preserve="nothing"/>
		<type fullname="UnityEngine.Rendering.UI.DebugUIHandlerCanvas" preserve="nothing"/>
		<type fullname="UnityEngine.Rendering.UI.DebugUIHandlerColor" preserve="nothing"/>
		<type fullname="UnityEngine.Rendering.UI.DebugUIHandlerContainer" preserve="nothing"/>
		<type fullname="UnityEngine.Rendering.UI.DebugUIHandlerEnumField" preserve="nothing"/>
		<type fullname="UnityEngine.Rendering.UI.DebugUIHandlerEnumHistory" preserve="nothing"/>
		<type fullname="UnityEngine.Rendering.UI.DebugUIHandlerFloatField" preserve="nothing"/>
		<type fullname="UnityEngine.Rendering.UI.DebugUIHandlerFoldout" preserve="nothing"/>
		<type fullname="UnityEngine.Rendering.UI.DebugUIHandlerGroup" preserve="nothing"/>
		<type fullname="UnityEngine.Rendering.UI.DebugUIHandlerHBox" preserve="nothing"/>
		<type fullname="UnityEngine.Rendering.UI.DebugUIHandlerIndirectFloatField" preserve="nothing"/>
		<type fullname="UnityEngine.Rendering.UI.DebugUIHandlerIndirectToggle" preserve="nothing"/>
		<type fullname="UnityEngine.Rendering.UI.DebugUIHandlerIntField" preserve="nothing"/>
		<type fullname="UnityEngine.Rendering.UI.DebugUIHandlerPanel" preserve="nothing"/>
		<type fullname="UnityEngine.Rendering.UI.DebugUIHandlerPersistentCanvas" preserve="nothing"/>
		<type fullname="UnityEngine.Rendering.UI.DebugUIHandlerToggle" preserve="nothing"/>
		<type fullname="UnityEngine.Rendering.UI.DebugUIHandlerToggleHistory" preserve="nothing"/>
		<type fullname="UnityEngine.Rendering.UI.DebugUIHandlerUIntField" preserve="nothing"/>
		<type fullname="UnityEngine.Rendering.UI.DebugUIHandlerVBox" preserve="nothing"/>
		<type fullname="UnityEngine.Rendering.UI.DebugUIHandlerValue" preserve="nothing"/>
		<type fullname="UnityEngine.Rendering.UI.DebugUIHandlerVector2" preserve="nothing"/>
		<type fullname="UnityEngine.Rendering.UI.DebugUIHandlerVector3" preserve="nothing"/>
		<type fullname="UnityEngine.Rendering.UI.DebugUIHandlerVector4" preserve="nothing"/>
		<type fullname="UnityEngine.Rendering.UI.UIFoldout" preserve="nothing"/>
	</assembly>
	<assembly fullname="Unity.RenderPipelines.Universal.Runtime">
		<type fullname="UnityEngine.Rendering.Universal.Bloom" preserve="nothing"/>
		<type fullname="UnityEngine.Rendering.Universal.ChannelMixer" preserve="nothing"/>
		<type fullname="UnityEngine.Rendering.Universal.ChromaticAberration" preserve="nothing"/>
		<type fullname="UnityEngine.Rendering.Universal.ColorAdjustments" preserve="nothing"/>
		<type fullname="UnityEngine.Rendering.Universal.ColorCurves" preserve="nothing"/>
		<type fullname="UnityEngine.Rendering.Universal.ColorLookup" preserve="nothing"/>
		<type fullname="UnityEngine.Rendering.Universal.DepthOfField" preserve="nothing"/>
		<type fullname="UnityEngine.Rendering.Universal.FilmGrain" preserve="nothing"/>
		<type fullname="UnityEngine.Rendering.Universal.ForwardRendererData" preserve="nothing"/>
		<type fullname="UnityEngine.Rendering.Universal.LensDistortion" preserve="nothing"/>
		<type fullname="UnityEngine.Rendering.Universal.LiftGammaGain" preserve="nothing"/>
		<type fullname="UnityEngine.Rendering.Universal.MotionBlur" preserve="nothing"/>
		<type fullname="UnityEngine.Rendering.Universal.PaniniProjection" preserve="nothing"/>
		<type fullname="UnityEngine.Rendering.Universal.PostProcessData" preserve="nothing"/>
		<type fullname="UnityEngine.Rendering.Universal.ShadowsMidtonesHighlights" preserve="nothing"/>
		<type fullname="UnityEngine.Rendering.Universal.SplitToning" preserve="nothing"/>
		<type fullname="UnityEngine.Rendering.Universal.Tonemapping" preserve="nothing"/>
		<type fullname="UnityEngine.Rendering.Universal.UniversalAdditionalCameraData" preserve="nothing"/>
		<type fullname="UnityEngine.Rendering.Universal.UniversalRenderPipelineAsset" preserve="nothing"/>
		<type fullname="UnityEngine.Rendering.Universal.Vignette" preserve="nothing"/>
		<type fullname="UnityEngine.Rendering.Universal.WhiteBalance" preserve="nothing"/>
	</assembly>
	<assembly fullname="Unity.TextMeshPro">
		<type fullname="TMPro.TMP_FontAsset" preserve="nothing"/>
		<type fullname="TMPro.TMP_Settings" preserve="nothing"/>
		<type fullname="TMPro.TMP_SpriteAsset" preserve="nothing"/>
		<type fullname="TMPro.TMP_StyleSheet" preserve="nothing"/>
		<type fullname="TMPro.TextMeshProUGUI" preserve="nothing"/>
	</assembly>
	<assembly fullname="UnityEngine.UI">
		<type fullname="UnityEngine.EventSystems.EventSystem" preserve="nothing"/>
		<type fullname="UnityEngine.EventSystems.StandaloneInputModule" preserve="nothing"/>
		<type fullname="UnityEngine.UI.Button" preserve="nothing"/>
		<type fullname="UnityEngine.UI.CanvasScaler" preserve="nothing"/>
		<type fullname="UnityEngine.UI.ContentSizeFitter" preserve="nothing"/>
		<type fullname="UnityEngine.UI.GraphicRaycaster" preserve="nothing"/>
		<type fullname="UnityEngine.UI.HorizontalLayoutGroup" preserve="nothing"/>
		<type fullname="UnityEngine.UI.Image" preserve="nothing"/>
		<type fullname="UnityEngine.UI.LayoutElement" preserve="nothing"/>
		<type fullname="UnityEngine.UI.Mask" preserve="nothing"/>
		<type fullname="UnityEngine.UI.ScrollRect" preserve="nothing"/>
		<type fullname="UnityEngine.UI.Scrollbar" preserve="nothing"/>
		<type fullname="UnityEngine.UI.Text" preserve="nothing"/>
		<type fullname="UnityEngine.UI.Toggle" preserve="nothing"/>
		<type fullname="UnityEngine.UI.VerticalLayoutGroup" preserve="nothing"/>
	</assembly>
</linker>
